side,sample_id,u_px,v_px,n_water,native_air_ray_x,native_air_ray_y,native_air_ray_z,custom_air_ray_x,custom_air_ray_y,custom_air_ray_z,native_air_angle_deg,custom_air_angle_deg,custom_minus_native_air_ray_angle_deg,native_single_interface_water_angle_deg,single_interface_vs_custom_angle_deg,status
left,0,95.95,53.95,1.33,-0.604072513280791,-0.3408008117517104,0.7203826798362132,-0.3813392532549084,-0.2129749089248857,0.8995677084552476,43.913915764055204,25.898697505872473,18.015741737309792,31.43200414995837,5.533306644085897,single_interface_hypothetical_not_rig_model
left,0,95.95,53.95,1.333,-0.604072513280791,-0.3408008117517104,0.7203826798362132,-0.3813392532549084,-0.2129749089248857,0.8995677084552476,43.913915764055204,25.898697505872473,18.015741737309792,31.35322828764091,5.454530781768437,single_interface_hypothetical_not_rig_model
left,0,95.95,53.95,1.336,-0.604072513280791,-0.3408008117517104,0.7203826798362132,-0.3813392532549084,-0.2129749089248857,0.8995677084552476,43.913915764055204,25.898697505872473,18.015741737309792,31.274871701602578,5.376174195730105,single_interface_hypothetical_not_rig_model
left,0,95.95,53.95,1.34,-0.604072513280791,-0.3408008117517104,0.7203826798362132,-0.3813392532549084,-0.2129749089248857,0.8995677084552476,43.913915764055204,25.898697505872473,18.015741737309792,31.171042306365454,5.272344800492981,single_interface_hypothetical_not_rig_model
left,1,959.5,53.95,1.33,0.0018841435147557452,-0.41962830565842446,0.9076940757179457,-0.005375648487282758,-0.31103808536962557,0.9503822451271586,24.811390101018578,18.124601779207083,6.701993382715645,18.39179705400011,0.2671952747930284,single_interface_hypothetical_not_rig_model
left,1,959.5,53.95,1.333,0.0018841435147557452,-0.41962830565842446,0.9076940757179457,-0.005375648487282758,-0.31103808536962557,0.9503822451271586,24.811390101018578,18.124601779207083,6.701993382715645,18.34892768153365,0.2243259023265658,single_interface_hypothetical_not_rig_model
left,1,959.5,53.95,1.336,0.0018841435147557452,-0.41962830565842446,0.9076940757179457,-0.005375648487282758,-0.31103808536962557,0.9503822451271586,24.811390101018578,18.124601779207083,6.701993382715645,18.306261400367976,0.18165962116089318,single_interface_hypothetical_not_rig_model
left,1,959.5,53.95,1.34,0.0018841435147557452,-0.41962830565842446,0.9076940757179457,-0.005375648487282758,-0.31103808536962557,0.9503822451271586,24.811390101018578,18.124601779207083,6.701993382715645,18.249686411540445,0.12508463233336187,single_interface_hypothetical_not_rig_model
left,2,1823.05,53.95,1.33,0.606774670286188,-0.3403858504597973,0.7183049298910932,0.38120603197631997,-0.2182662264165704,0.8983550609813135,44.08529094011942,26.057317281204043,18.03015113621878,31.54069775690272,5.483380475698677,single_interface_hypothetical_not_rig_model
left,2,1823.05,53.95,1.333,0.606774670286188,-0.3403858504597973,0.7183049298910932,0.38120603197631997,-0.2182662264165704,0.8983550609813135,44.08529094011942,26.057317281204043,18.03015113621878,31.461585934325885,5.404268653121843,single_interface_hypothetical_not_rig_model
left,2,1823.05,53.95,1.336,0.606774670286188,-0.3403858504597973,0.7183049298910932,0.38120603197631997,-0.2182662264165704,0.8983550609813135,44.08529094011942,26.057317281204043,18.03015113621878,31.382895737630538,5.325578456426495,single_interface_hypothetical_not_rig_model
left,2,1823.05,53.95,1.34,0.606774670286188,-0.3403858504597973,0.7183049298910932,0.38120603197631997,-0.2182662264165704,0.8983550609813135,44.08529094011942,26.057317281204043,18.03015113621878,31.278625136915988,5.221307855711945,single_interface_hypothetical_not_rig_model
left,3,95.95,539.5,1.33,-0.6396394151602245,-0.0001019815374225319,0.7686750992280497,-0.4561420370503587,-0.0009673654596891524,0.889906459263903,39.7649374551323,27.13850504862472,12.626579496866755,28.74628339058512,1.607778341960401,single_interface_hypothetical_not_rig_model
left,3,95.95,539.5,1.333,-0.6396394151602245,-0.0001019815374225319,0.7686750992280497,-0.4561420370503587,-0.0009673654596891524,0.889906459263903,39.7649374551323,27.13850504862472,12.626579496866755,28.67557503390564,1.5370699852809224,single_interface_hypothetical_not_rig_model
left,3,95.95,539.5,1.336,-0.6396394151602245,-0.0001019815374225319,0.7686750992280497,-0.4561420370503587,-0.0009673654596891524,0.889906459263903,39.7649374551323,27.13850504862472,12.626579496866755,28.605231602590663,1.4667265539659446,single_interface_hypothetical_not_rig_model
left,3,95.95,539.5,1.34,-0.6396394151602245,-0.0001019815374225319,0.7686750992280497,-0.4561420370503587,-0.0009673654596891524,0.889906459263903,39.7649374551323,27.13850504862472,12.626579496866755,28.51200289393251,1.3734978453077922,single_interface_hypothetical_not_rig_model
left,4,959.5,539.5,1.33,0.0019662702641864457,-8.522777116669933e-05,0.9999980632568621,-0.005220172752611563,-0.0006724485891894284,0.9999861487087347,0.1127648413619076,0.3015666158381552,0.41312664306081354,0.08478557121646249,-0.2167810446216927,single_interface_hypothetical_not_rig_model
left,4,959.5,539.5,1.333,0.0019662702641864457,-8.522777116669933e-05,0.9999980632568621,-0.005220172752611563,-0.0006724485891894284,0.9999861487087347,0.1127648413619076,0.3015666158381552,0.41312664306081354,0.08459475583860487,-0.21697185999955032,single_interface_hypothetical_not_rig_model
left,4,959.5,539.5,1.336,0.0019662702641864457,-8.522777116669933e-05,0.9999980632568621,-0.005220172752611563,-0.0006724485891894284,0.9999861487087347,0.1127648413619076,0.3015666158381552,0.41312664306081354,0.08440479741696896,-0.21716181842118623,single_interface_hypothetical_not_rig_model
left,4,959.5,539.5,1.34,0.0019662702641864457,-8.522777116669933e-05,0.9999980632568621,-0.005220172752611563,-0.0006724485891894284,0.9999861487087347,0.1127648413619076,0.3015666158381552,0.41312664306081354,0.08415284261636952,-0.21741377322178568,single_interface_hypothetical_not_rig_model
left,5,1823.05,539.5,1.33,0.6422731652138246,-0.0001023243753575058,0.7664758122575933,0.45017573938444266,-0.0009552879344008463,0.8929394666463303,39.9615339127106,26.755024801362715,13.206648778489265,28.875773169261958,2.1207483678992425,single_interface_hypothetical_not_rig_model
left,5,1823.05,539.5,1.333,0.6422731652138246,-0.0001023243753575058,0.7664758122575933,0.45017573938444266,-0.0009552879344008463,0.8929394666463303,39.9615339127106,26.755024801362715,13.206648778489265,28.80468561659491,2.049660815232194,single_interface_hypothetical_not_rig_model
left,5,1823.05,539.5,1.336,0.6422731652138246,-0.0001023243753575058,0.7664758122575933,0.45017573938444266,-0.0009552879344008463,0.8929394666463303,39.9615339127106,26.755024801362715,13.206648778489265,28.733965457997208,1.9789406566344923,single_interface_hypothetical_not_rig_model
left,5,1823.05,539.5,1.34,0.6422731652138246,-0.0001023243753575058,0.7664758122575933,0.45017573938444266,-0.0009552879344008463,0.8929394666463303,39.9615339127106,26.755024801362715,13.206648778489265,28.640238241653734,1.8852134402910181,single_interface_hypothetical_not_rig_model
left,6,95.95,1025.05,1.33,-0.604071730398527,0.3405856802623511,0.7204850719713496,-0.3819657534398717,0.21140689856261272,0.8996717659453631,43.90545658986637,25.88504417886184,18.022155405153118,31.426634118716223,5.541589939854383,single_interface_hypothetical_not_rig_model
left,6,95.95,1025.05,1.333,-0.604071730398527,0.3405856802623511,0.7204850719713496,-0.3819657534398717,0.21140689856261272,0.8996717659453631,43.90545658986637,25.88504417886184,18.022155405153118,31.34787483446799,5.462830655606151,single_interface_hypothetical_not_rig_model
left,6,95.95,1025.05,1.336,-0.604071730398527,0.3405856802623511,0.7204850719713496,-0.3819657534398717,0.21140689856261272,0.8996717659453631,43.90545658986637,25.88504417886184,18.022155405153118,31.269534710741727,5.384490531879887,single_interface_hypothetical_not_rig_model
left,6,95.95,1025.05,1.34,-0.604071730398527,0.3405856802623511,0.7204850719713496,-0.3819657534398717,0.21140689856261272,0.8996717659453631,43.90545658986637,25.88504417886184,18.022155405153118,31.16572708745974,5.2806829085979,single_interface_hypothetical_not_rig_model
left,7,959.5,1025.05,1.33,0.0018840026200029278,0.41943265478519914,0.9077845001066981,-0.005359814587397663,0.30895353487860194,0.9510620304026469,24.799040858662394,17.998977584506044,6.815001312302069,18.38291510100766,0.3839375165016179,single_interface_hypothetical_not_rig_model
left,7,959.5,1025.05,1.333,0.0018840026200029278,0.41943265478519914,0.9077845001066981,-0.005359814587397663,0.30895353487860194,0.9510620304026469,24.799040858662394,17.998977584506044,6.815001312302069,18.34006791842665,0.34109033392060795,single_interface_hypothetical_not_rig_model
left,7,959.5,1025.05,1.336,0.0018840026200029278,0.41943265478519914,0.9077845001066981,-0.005359814587397663,0.30895353487860194,0.9510620304026469,24.799040858662394,17.998977584506044,6.815001312302069,18.297423711099214,0.29844612659316994,single_interface_hypothetical_not_rig_model
left,7,959.5,1025.05,1.34,0.0018840026200029278,0.41943265478519914,0.9077845001066981,-0.005359814587397663,0.30895353487860194,0.9510620304026469,24.799040858662394,17.998977584506044,6.815001312302069,18.240877975172314,0.24190039066627023,single_interface_hypothetical_not_rig_model
left,8,1823.05,1025.05,1.33,0.6067737065811479,0.34017000162828276,0.71840798923313,0.3817386413835906,0.21664577117307676,0.8985211291380037,44.076802977229846,26.035647955689342,18.041929539992502,31.535318742282357,5.499670786593015,single_interface_hypothetical_not_rig_model
left,8,1823.05,1025.05,1.333,0.6067737065811479,0.34017000162828276,0.71840798923313,0.3817386413835906,0.21664577117307676,0.8985211291380037,44.076802977229846,26.035647955689342,18.041929539992502,31.45622356395638,5.42057560826704,single_interface_hypothetical_not_rig_model
left,8,1823.05,1025.05,1.336,0.6067737065811479,0.34017000162828276,0.71840798923313,0.3817386413835906,0.21664577117307676,0.8985211291380037,44.076802977229846,26.035647955689342,18.041929539992502,31.377549894938902,5.34190193924956,single_interface_hypothetical_not_rig_model
left,8,1823.05,1025.05,1.34,0.6067737065811479,0.34017000162828276,0.71840798923313,0.3817386413835906,0.21664577117307676,0.8985211291380037,44.076802977229846,26.035647955689342,18.041929539992502,31.273301152088457,5.2376531963991155,single_interface_hypothetical_not_rig_model
right,0,95.95,53.95,1.33,-0.6052954691206212,-0.32369192573939265,0.7272145022434375,-0.45068616217939117,-0.23513431108121513,0.8611584284975522,43.34661858330058,30.55309895627366,12.798211928777292,31.070871918284542,0.5177729620108806,single_interface_hypothetical_not_rig_model
right,0,95.95,53.95,1.333,-0.6052954691206212,-0.32369192573939265,0.7272145022434375,-0.45068616217939117,-0.23513431108121513,0.8611584284975522,43.34661858330058,30.55309895627366,12.798211928777292,30.99320674322424,0.44010778695057695,single_interface_hypothetical_not_rig_model
right,0,95.95,53.95,1.336,-0.6052954691206212,-0.32369192573939265,0.7272145022434375,-0.45068616217939117,-0.23513431108121513,0.8611584284975522,43.34661858330058,30.55309895627366,12.798211928777292,30.91595312719817,0.362854170924507,single_interface_hypothetical_not_rig_model
right,0,95.95,53.95,1.34,-0.6052954691206212,-0.32369192573939265,0.7272145022434375,-0.45068616217939117,-0.23513431108121513,0.8611584284975522,43.34661858330058,30.55309895627366,12.798211928777292,30.813582504719424,0.2604835484457624,single_interface_hypothetical_not_rig_model
right,1,959.5,53.95,1.33,0.006166199749180977,-0.39899392637971287,0.9169328354316654,-0.01110102335428525,-0.2955571307676986,0.95526056640733,23.518276110541027,17.203447725793094,6.400560490402692,17.45948045956415,0.2560327337710575,single_interface_hypothetical_not_rig_model
right,1,959.5,53.95,1.333,0.006166199749180977,-0.39899392637971287,0.9169328354316654,-0.01110102335428525,-0.2955571307676986,0.95526056640733,23.518276110541027,17.203447725793094,6.400560490402692,17.418928138432243,0.21548041263914897,single_interface_hypothetical_not_rig_model
right,1,959.5,53.95,1.336,0.006166199749180977,-0.39899392637971287,0.9169328354316654,-0.01110102335428525,-0.2955571307676986,0.95526056640733,23.518276110541027,17.203447725793094,6.400560490402692,17.378566880992977,0.17511915519988364,single_interface_hypothetical_not_rig_model
right,1,959.5,53.95,1.34,0.006166199749180977,-0.39899392637971287,0.9169328354316654,-0.01110102335428525,-0.2955571307676986,0.95526056640733,23.518276110541027,17.203447725793094,6.400560490402692,17.325046715367506,0.12159898957441229,single_interface_hypothetical_not_rig_model
right,2,1823.05,53.95,1.33,0.6132495632303687,-0.3221990729511648,0.7211884154554702,0.43369628843188196,-0.23763443216363822,0.8691590223029817,43.84731442250651,29.63894093961591,14.22060435698125,31.389712138457128,1.7507711988412176,single_interface_hypothetical_not_rig_model
right,2,1823.05,53.95,1.333,0.6132495632303687,-0.3221990729511648,0.7211884154554702,0.43369628843188196,-0.23763443216363822,0.8691590223029817,43.84731442250651,29.63894093961591,14.22060435698125,31.311066786607135,1.672125846991225,single_interface_hypothetical_not_rig_model
right,2,1823.05,53.95,1.336,0.6132495632303687,-0.3221990729511648,0.7211884154554702,0.43369628843188196,-0.23763443216363822,0.8691590223029817,43.84731442250651,29.63894093961591,14.22060435698125,31.232839800209856,1.5938988605939457,single_interface_hypothetical_not_rig_model
right,2,1823.05,53.95,1.34,0.6132495632303687,-0.3221990729511648,0.7211884154554702,0.43369628843188196,-0.23763443216363822,0.8691590223029817,43.84731442250651,29.63894093961591,14.22060435698125,31.129181805523192,1.4902408659072819,single_interface_hypothetical_not_rig_model
right,3,95.95,539.5,1.33,-0.6372068789307536,0.020724838301019347,0.7704140928881849,-0.4793178050235248,0.013318642616942553,0.8775403441131766,39.60891139373614,28.652934764245074,10.957009067773859,28.643366612256866,-0.009568151988208484,single_interface_hypothetical_not_rig_model
right,3,95.95,539.5,1.333,-0.6372068789307536,0.020724838301019347,0.7704140928881849,-0.4793178050235248,0.013318642616942553,0.8775403441131766,39.60891139373614,28.652934764245074,10.957009067773859,28.572958968411594,-0.07997579583348013,single_interface_hypothetical_not_rig_model
right,3,95.95,539.5,1.336,-0.6372068789307536,0.020724838301019347,0.7704140928881849,-0.4793178050235248,0.013318642616942553,0.8775403441131766,39.60891139373614,28.652934764245074,10.957009067773859,28.50291429798038,-0.15002046626469578,single_interface_hypothetical_not_rig_model
right,3,95.95,539.5,1.34,-0.6372068789307536,0.020724838301019347,0.7704140928881849,-0.4793178050235248,0.013318642616942553,0.8775403441131766,39.60891139373614,28.652934764245074,10.957009067773859,28.41008093614363,-0.2428538281014454,single_interface_hypothetical_not_rig_model
right,4,959.5,539.5,1.33,0.0064885025990026445,0.025958748992980705,0.9996419572450639,-0.010922400929933006,0.017444922839298074,0.9997881654755955,1.5332678669168343,1.1793525980715427,1.110500901132227,1.152773164064757,-0.02657943400678575,single_interface_hypothetical_not_rig_model
right,4,959.5,539.5,1.333,0.0064885025990026445,0.025958748992980705,0.9996419572450639,-0.010922400929933006,0.017444922839298074,0.9997881654755955,1.5332678669168343,1.1793525980715427,1.110500901132227,1.1501784269022206,-0.029174171169322083,single_interface_hypothetical_not_rig_model
right,4,959.5,539.5,1.336,0.0064885025990026445,0.025958748992980705,0.9996419572450639,-0.010922400929933006,0.017444922839298074,0.9997881654755955,1.5332678669168343,1.1793525980715427,1.110500901132227,1.1475953450942311,-0.03175725297731158,single_interface_hypothetical_not_rig_model
right,4,959.5,539.5,1.34,0.0064885025990026445,0.025958748992980705,0.9996419572450639,-0.010922400929933006,0.017444922839298074,0.9997881654755955,1.5332678669168343,1.1793525980715427,1.110500901132227,1.1441692312296814,-0.0351833668418613,single_interface_hypothetical_not_rig_model
right,5,1823.05,539.5,1.33,0.6449866774492431,0.020621794430953987,0.7639155238031451,0.4610119482259802,0.013463395997706951,0.8872917899772854,40.189391529272854,27.465117256038607,12.72457039907444,29.0255893918013,1.5604721357626943,single_interface_hypothetical_not_rig_model
right,5,1823.05,539.5,1.333,0.6449866774492431,0.020621794430953987,0.7639155238031451,0.4610119482259802,0.013463395997706951,0.8872917899772854,40.189391529272854,27.465117256038607,12.72457039907444,28.954061943290785,1.4889446872521788,single_interface_hypothetical_not_rig_model
right,5,1823.05,539.5,1.336,0.6449866774492431,0.020621794430953987,0.7639155238031451,0.4610119482259802,0.013463395997706951,0.8872917899772854,40.189391529272854,27.465117256038607,12.72457039907444,28.882904763008185,1.417787506969578,single_interface_hypothetical_not_rig_model
right,5,1823.05,539.5,1.34,0.6449866774492431,0.020621794430953987,0.7639155238031451,0.4610119482259802,0.013463395997706951,0.8872917899772854,40.189391529272854,27.465117256038607,12.72457039907444,28.788599269573684,1.3234820135350773,single_interface_hypothetical_not_rig_model
right,6,95.95,1025.05,1.33,-0.5979852058690167,0.35876196335781463,0.7167311540664574,-0.44370830369295905,0.2558969238615273,0.8588595377546463,44.214746252539165,30.811227990210984,13.416654936016267,31.622679197128363,0.8114512069173792,single_interface_hypothetical_not_rig_model
right,6,95.95,1025.05,1.333,-0.5979852058690167,0.35876196335781463,0.7167311540664574,-0.44370830369295905,0.2558969238615273,0.8588595377546463,44.214746252539165,30.811227990210984,13.416654936016267,31.54331346322276,0.7320854730117752,single_interface_hypothetical_not_rig_model
right,6,95.95,1025.05,1.336,-0.5979852058690167,0.35876196335781463,0.7167311540664574,-0.44370830369295905,0.2558969238615273,0.8588595377546463,44.214746252539165,30.811227990210984,13.416654936016267,31.464371135722686,0.6531431455117023,single_interface_hypothetical_not_rig_model
right,6,95.95,1025.05,1.34,-0.5979852058690167,0.35876196335781463,0.7167311540664574,-0.44370830369295905,0.2558969238615273,0.8588595377546463,44.214746252539165,30.811227990210984,13.416654936016267,31.359767095189337,0.548539104978353,single_interface_hypothetical_not_rig_model
right,7,959.5,1025.05,1.33,0.006093419027780106,0.43969683082550903,0.8981255854314336,-0.011102597864091339,0.3219597478671835,0.9466882554853884,26.087232739576173,18.793065761062543,7.368432942192241,19.307070907808285,0.5140051467457418,single_interface_hypothetical_not_rig_model
right,7,959.5,1025.05,1.333,0.006093419027780106,0.43969683082550903,0.8981255854314336,-0.011102597864091339,0.3219597478671835,0.9466882554853884,26.087232739576173,18.793065761062543,7.368432942192241,19.26190241798184,0.4688366569192972,single_interface_hypothetical_not_rig_model
right,7,959.5,1025.05,1.336,0.006093419027780106,0.43969683082550903,0.8981255854314336,-0.011102597864091339,0.3219597478671835,0.9466882554853884,26.087232739576173,18.793065761062543,7.368432942192241,19.216949136809504,0.42388337574696067,single_interface_hypothetical_not_rig_model
right,7,959.5,1025.05,1.34,0.006093419027780106,0.43969683082550903,0.8981255854314336,-0.011102597864091339,0.3219597478671835,0.9466882554853884,26.087232739576173,18.793065761062543,7.368432942192241,19.15734349159989,0.3642777305373457,single_interface_hypothetical_not_rig_model
right,8,1823.05,1025.05,1.33,0.6059760913839036,0.3571580282371801,0.7107961167147839,0.42706710255266545,0.2588690274763934,0.8663720427914889,44.70027346030883,29.96025421500444,14.746050082778197,31.929187551713774,1.968933336709334,single_interface_hypothetical_not_rig_model
right,8,1823.05,1025.05,1.333,0.6059760913839036,0.3571580282371801,0.7107961167147839,0.42706710255266545,0.2588690274763934,0.8663720427914889,44.70027346030883,29.96025421500444,14.746050082778197,31.848868539662426,1.8886143246579863,single_interface_hypothetical_not_rig_model
right,8,1823.05,1025.05,1.336,0.6059760913839036,0.3571580282371801,0.7107961167147839,0.42706710255266545,0.2588690274763934,0.8663720427914889,44.70027346030883,29.96025421500444,14.746050082778197,31.768979655475533,1.8087254404710933,single_interface_hypothetical_not_rig_model
right,8,1823.05,1025.05,1.34,0.6059760913839036,0.3571580282371801,0.7107961167147839,0.42706710255266545,0.2588690274763934,0.8663720427914889,44.70027346030883,29.96025421500444,14.746050082778197,31.663123861600386,1.7028696465959463,single_interface_hypothetical_not_rig_model
